{
  "extends": ["tslint:recommended", "tslint-react", "tslint-config-prettier"],
  "rules": {
    "ordered-imports": [false],
    "no-console": false,
    "object-literal-sort-keys": [false],
    "only-arrow-functions": false,
    "prefer-const": false,
    "variable-name": false,
    "no-shadowed-variable": false,
    "no-debugger": false,
    "comment-format": [true, "check-space"],
    "noImplicitAny": false
  },
  "linterOptions": {
    "exclude": [
      "config/**/*.js",
      "node_modules/**/*.ts",
      "coverage/lcov-report/*.js"
    ]
  }
}
